iter	RMSE
0	1.554999058
1	1.433531372
2	1.322246785
3	1.219033981
4	1.125066462
5	1.043894641
6	0.9735089115
7	0.9083954298
8	0.8512901788
9	0.8022446422
